<?xml version="1.0" encoding="utf-8"?>
<odoo>
    
    <!-- NCF Management Groups -->
    <record id="group_ncf_user" model="res.groups">
        <field name="name">Usuario NCF</field>
        <field name="category_id" ref="base.module_category_accounting"/>
        <field name="implied_ids" eval="[(4, ref('account.group_account_user'))]"/>
        <field name="comment">Usuarios que pueden ver información NCF y asignaciones</field>
    </record>

    <record id="group_ncf_manager" model="res.groups">
        <field name="name">Administrador NCF</field>
        <field name="category_id" ref="base.module_category_accounting"/>
        <field name="implied_ids" eval="[(4, ref('group_ncf_user')), (4, ref('account.group_account_manager'))]"/>
        <field name="comment">Usuarios que pueden administrar secuencias NCF y configuración</field>
    </record>



</odoo>
