<?xml version="1.0" encoding="utf-8"?>
<odoo>
    
    <!-- NCF Management Groups -->
    <record id="group_ncf_user" model="res.groups">
        <field name="name">NCF User</field>
        <field name="category_id" ref="base.module_category_accounting"/>
        <field name="implied_ids" eval="[(4, ref('account.group_account_user'))]"/>
        <field name="comment">Users can view NCF information and assignments</field>
    </record>

    <record id="group_ncf_manager" model="res.groups">
        <field name="name">NCF Manager</field>
        <field name="category_id" ref="base.module_category_accounting"/>
        <field name="implied_ids" eval="[(4, ref('group_ncf_user')), (4, ref('account.group_account_manager'))]"/>
        <field name="comment">Users can manage NCF sequences and configuration</field>
    </record>



</odoo>
